{
	"format_version": "1.8.0",
	"animations": {
		"animation.katana.slice": {
			"animation_length": 0.79167,
			"bones": {
				"bone": {
					"rotation": {
						"0.0": {
							"vector": [0, 0, 0]
						},
						"0.0833": {
							"vector": [1.91699, -37.45817, -35.65],
							"easing": "linear"
						},
						"0.1667": {
							"vector": [32.50221, -25.99709, -94.05874],
							"easing": "linear"
						},
						"0.25": {
							"vector": [46.98985, -29.93206, -119.65144],
							"easing": "linear"
						},
						"0.3333": {
							"vector": [74.79632, -28.50131, -162.93326],
							"easing": "linear"
						},
						"0.5": {
							"vector": [-76.45103, -10.34497, 7.19999],
							"easing": "linear"
						},
						"0.5833": {
							"vector": [-18.71905, -5.01915, 24.02836],
							"easing": "linear"
						},
						"0.6667": {
							"vector": [0, 0, 0]
						}
					},
					"position": {
						"0.0": {
							"vector": [0, 0, 0]
						},
						"0.6667": {
							"vector": [0, 0, 0]
						}
					},
					"scale": {
						"0.0": {
							"vector": [1, 1, 1]
						},
						"0.6667": {
							"vector": [1, 1, 1]
						}
					}
				},
				"bone2": {
					"rotation": {
						"vector": [0, 0, 0]
					},
					"position": {
						"0.0": {
							"vector": [0, 0, 0]
						},
						"0.125": {
							"vector": [1, 0, 0]
						},
						"0.5": {
							"vector": [0, 0, 0]
						}
					},
					"scale": {
						"0.0": {
							"vector": [1, 1, 1]
						},
						"0.0833": {
							"vector": [1.8, 1, 1]
						},
						"0.125": {
							"vector": [2.8, 1, 1]
						},
						"0.1667": {
							"vector": [4, 1, 1]
						},
						"0.25": {
							"vector": [2.5, 1, 1]
						},
						"0.375": {
							"vector": [1, 1, 1]
						}
					}
				}
			}
		}
	}
}